token	corpus size	all contexts size	frequency	co-frequency	specificity
la	47365	34546	1916	1635	39.65
signes	47365	34546	181	179	21.51
française	47365	34546	221	214	20.70
officielle	47365	34546	116	115	14.29
maternelle	47365	34546	74	74	10.15
une	47365	34546	639	531	9.47
des	47365	34546	1124	903	8.92
officielles	47365	34546	52	52	7.13
dans	47365	34546	483	399	6.82
La	47365	34546	221	191	6.21
Portail	47365	34546	36	36	4.94
de	47365	34546	2401	1825	4.40
français	47365	34546	230	192	4.28
locuteurs	47365	34546	56	52	3.84
organe	47365	34546	34	33	3.56
trangère	47365	34546	33	32	3.44
parlent	47365	34546	39	37	3.34
oïl	47365	34546	24	24	3.29
Articles	47365	34546	30	29	3.07
leur	47365	34546	109	92	2.75
parlée	47365	34546	20	20	2.74
code	47365	34546	19	19	2.60
liés	47365	34546	32	30	2.55
modifier	47365	34546	37	34	2.47
romanes	47365	34546	18	18	2.47
Français	47365	34546	25	24	2.46
dont	47365	34546	61	53	2.34
non	47365	34546	79	67	2.29
Histoire	47365	34546	16	16	2.19
l'	47365	34546	560	427	2.10
est	47365	34546	609	463	2.08
maîtrisent	47365	34546	15	15	2.06
seconde	47365	34546	21	20	1.99
grand	47365	34546	14	14	1.92
régionales	47365	34546	14	14	1.92
cible	47365	34546	14	14	1.92
apprendre	47365	34546	26	24	1.91
n'	47365	34546	64	54	1.90
muscles	47365	34546	31	28	1.89
jpg	47365	34546	20	19	1.87
reconnue	47365	34546	20	19	1.87
votre	47365	34546	40	35	1.82
1	47365	34546	40	35	1.82
européenne	47365	34546	13	13	1.78
article	47365	34546	13	13	1.78
Article	47365	34546	13	13	1.78
minoritaire	47365	34546	13	13	1.78
orales	47365	34546	13	13	1.78
parler	47365	34546	44	38	1.77
L'	47365	34546	53	45	1.76
et	47365	34546	1000	743	1.75
culture	47365	34546	43	37	1.69
comme	47365	34546	162	127	1.68
icône	47365	34546	12	12	1.64
décorative	47365	34546	12	12	1.64
véritable	47365	34546	12	12	1.64
position	47365	34546	18	17	1.64
avec	47365	34546	137	108	1.63
ne	47365	34546	179	139	1.60
Le	47365	34546	151	118	1.58
vous	47365	34546	79	64	1.55
le	47365	34546	852	626	1.53
commune	47365	34546	17	16	1.53
orale	47365	34546	17	16	1.53
les	47365	34546	914	668	1.52
intervenants	47365	34546	22	20	1.51
parlées	47365	34546	11	11	1.51
compétences	47365	34546	11	11	1.51
ou	47365	34546	282	213	1.47
en	47365	34546	582	429	1.46
pas	47365	34546	211	161	1.46
sur	47365	34546	265	200	1.44
premier	47365	34546	16	15	1.42
Belgique	47365	34546	16	15	1.42
dialectes	47365	34546	16	15	1.42
d'	47365	34546	463	342	1.42
du	47365	34546	440	325	1.40
au	47365	34546	230	174	1.40
accès	47365	34546	30	26	1.40
a	47365	34546	174	133	1.39
anglais	47365	34546	79	63	1.38
sont	47365	34546	192	146	1.38
bout	47365	34546	10	10	1.37
détaill	47365	34546	10	10	1.37
millions	47365	34546	10	10	1.37
autochtones	47365	34546	10	10	1.37
Liste	47365	34546	10	10	1.37
nécessaire	47365	34546	10	10	1.37
latin	47365	34546	25	22	1.36
qui	47365	34546	379	277	1.33
m	47365	34546	112	87	1.33
tait	47365	34546	46	38	1.33
manière	47365	34546	29	25	1.32
guadeloupéen	47365	34546	15	14	1.31
maîtrise	47365	34546	33	28	1.30
Les	47365	34546	151	115	1.30
France	47365	34546	61	49	1.29
24	47365	34546	9	9	1.23
doit	47365	34546	9	9	1.23
mes	47365	34546	9	9	1.23
seule	47365	34546	9	9	1.23
indiquer	47365	34546	9	9	1.23
BUTTON	47365	34546	9	9	1.23
Nouvelle	47365	34546	9	9	1.23
Wikimedia	47365	34546	9	9	1.23
rouler	47365	34546	9	9	1.23
maîtrisant	47365	34546	9	9	1.23
anatomie	47365	34546	19	17	1.23
notamment	47365	34546	19	17	1.23
données	47365	34546	19	17	1.23
tout	47365	34546	44	36	1.23
autre	47365	34546	59	47	1.20
monde	47365	34546	59	47	1.20
directement	47365	34546	14	13	1.20
gr	47365	34546	14	13	1.20
Académie	47365	34546	14	13	1.20
b	47365	34546	14	13	1.20
3	47365	34546	55	44	1.20
sa	47365	34546	69	54	1.16
principalement	47365	34546	18	16	1.14
2	47365	34546	57	45	1.13
me	47365	34546	106	80	1.12
travail	47365	34546	22	19	1.12
selon	47365	34546	34	28	1.11
tre	47365	34546	95	72	1.11
généralement	47365	34546	13	12	1.10
connaissance	47365	34546	13	12	1.10
africaines	47365	34546	13	12	1.10
République	47365	34546	13	12	1.10
mouvements	47365	34546	13	12	1.10
aux	47365	34546	126	92	1.10
absence	47365	34546	8	8	1.10
Sur	47365	34546	8	8	1.10
européennes	47365	34546	8	8	1.10
humaines	47365	34546	8	8	1.10
peuple	47365	34546	8	8	1.10
aspects	47365	34546	8	8	1.10
Enseignement	47365	34546	8	8	1.10
enrichissement	47365	34546	8	8	1.10
majorit	47365	34546	8	8	1.10
projets	47365	34546	8	8	1.10
minoritaires	47365	34546	8	8	1.10
parents	47365	34546	8	8	1.10
officiellement	47365	34546	8	8	1.10
trouv	47365	34546	8	8	1.10
galement	47365	34546	33	27	1.06
corps	47365	34546	21	18	1.05
part	47365	34546	21	18	1.05
s'	47365	34546	78	59	1.04
toutes	47365	34546	40	32	1.04
mais	47365	34546	97	71	1.04
ces	47365	34546	74	56	1.03
En	47365	34546	84	62	1.01
certains	47365	34546	32	26	1.01
4	47365	34546	32	26	1.01
ceux	47365	34546	32	26	1.01
communication	47365	34546	39	31	1.00
plusieurs	47365	34546	28	23	1.00
parmi	47365	34546	12	11	1.00
pensée	47365	34546	12	11	1.00
voir	47365	34546	12	11	1.00
deuxième	47365	34546	12	11	1.00
n	47365	34546	68	51	0.99
aussi	47365	34546	73	54	0.98
lorsque	47365	34546	20	17	0.98
vie	47365	34546	20	17	0.98
papilles	47365	34546	20	17	0.98
grande	47365	34546	20	17	0.98
cet	47365	34546	16	14	0.97
faut	47365	34546	16	14	0.97
www	47365	34546	16	14	0.97
pays	47365	34546	48	37	0.96
large	47365	34546	7	7	0.96
M	47365	34546	7	7	0.96
spécifiques	47365	34546	7	7	0.96
jamais	47365	34546	7	7	0.96
indo	47365	34546	7	7	0.96
lexical	47365	34546	7	7	0.96
Défense	47365	34546	7	7	0.96
gallo	47365	34546	7	7	0.96
juridique	47365	34546	7	7	0.96
Jacques	47365	34546	7	7	0.96
sein	47365	34546	7	7	0.96
ici	47365	34546	7	7	0.96
Je	47365	34546	7	7	0.96
emploi	47365	34546	7	7	0.96
canton	47365	34546	7	7	0.96
fonctions	47365	34546	7	7	0.96
inférieure	47365	34546	7	7	0.96
permettant	47365	34546	7	7	0.96
dominante	47365	34546	7	7	0.96
signées	47365	34546	7	7	0.96
entière	47365	34546	7	7	0.96
dix	47365	34546	7	7	0.96
Premières	47365	34546	7	7	0.96
effets	47365	34546	7	7	0.96
nombre	47365	34546	60	45	0.96
qu	47365	34546	62	45	0.95
après	47365	34546	27	22	0.95
2010	47365	34546	27	22	0.95
notre	47365	34546	34	27	0.94
c	47365	34546	34	27	0.94
peuvent	47365	34546	50	38	0.94
Ils	47365	34546	23	19	0.93
celle	47365	34546	30	24	0.92
7	47365	34546	19	16	0.91
chaque	47365	34546	19	16	0.91
francophonie	47365	34546	19	16	0.91
nous	47365	34546	50	37	0.90
leurs	47365	34546	26	21	0.90
régions	47365	34546	11	10	0.90
nom	47365	34546	11	10	0.90
bleu	47365	34546	11	10	0.90
semble	47365	34546	11	10	0.90
trangères	47365	34546	11	10	0.90
territoire	47365	34546	11	10	0.90
crit	47365	34546	11	10	0.90
littérature	47365	34546	11	10	0.90
communautés	47365	34546	11	10	0.90
facteur	47365	34546	11	10	0.90
développement	47365	34546	15	13	0.90
ils	47365	34546	49	36	0.89
très	47365	34546	45	33	0.88
bouche	47365	34546	45	33	0.88
faire	47365	34546	41	31	0.88
agit	47365	34546	22	18	0.87
communiquer	47365	34546	22	18	0.87
ses	47365	34546	42	31	0.86
avoir	47365	34546	39	29	0.85
Ces	47365	34546	18	15	0.85
parle	47365	34546	18	15	0.85
espagnol	47365	34546	18	15	0.85
220px	47365	34546	18	15	0.85
ayant	47365	34546	28	22	0.84
peu	47365	34546	31	24	0.84
différentes	47365	34546	31	24	0.84
Ce	47365	34546	31	24	0.84
patients	47365	34546	36	27	0.84
toujours	47365	34546	21	17	0.82
eux	47365	34546	21	17	0.82
origine	47365	34546	35	26	0.82
six	47365	34546	6	6	0.82
courante	47365	34546	6	6	0.82
unique	47365	34546	6	6	0.82
aider	47365	34546	6	6	0.82
blanche	47365	34546	6	6	0.82
poissons	47365	34546	6	6	0.82
présenter	47365	34546	6	6	0.82
génétique	47365	34546	6	6	0.82
ma	47365	34546	6	6	0.82
puisque	47365	34546	6	6	0.82
paroles	47365	34546	6	6	0.82
différence	47365	34546	6	6	0.82
mergence	47365	34546	6	6	0.82
telles	47365	34546	6	6	0.82
recours	47365	34546	6	6	0.82
Congo	47365	34546	6	6	0.82
acquisition	47365	34546	6	6	0.82
propre	47365	34546	6	6	0.82
bantu	47365	34546	6	6	0.82
Statut	47365	34546	6	6	0.82
Délégation	47365	34546	6	6	0.82
vivante	47365	34546	6	6	0.82
administrative	47365	34546	6	6	0.82
seul	47365	34546	6	6	0.82
existence	47365	34546	6	6	0.82
dictionnaire	47365	34546	6	6	0.82
ancienne	47365	34546	6	6	0.82
réf	47365	34546	6	6	0.82
mission	47365	34546	6	6	0.82
défense	47365	34546	6	6	0.82
belle	47365	34546	6	6	0.82
relatives	47365	34546	6	6	0.82
php	47365	34546	6	6	0.82
v	47365	34546	6	6	0.82
situées	47365	34546	6	6	0.82
document	47365	34546	6	6	0.82
former	47365	34546	6	6	0.82
américaine	47365	34546	6	6	0.82
employées	47365	34546	6	6	0.82
Inuits	47365	34546	6	6	0.82
augmenter	47365	34546	6	6	0.82
taux	47365	34546	6	6	0.82
Autochtones	47365	34546	6	6	0.82
maison	47365	34546	6	6	0.82
internationale	47365	34546	14	12	0.82
ainsi	47365	34546	34	25	0.82
Un	47365	34546	24	19	0.81
nombreux	47365	34546	27	21	0.81
suite	47365	34546	10	9	0.80
phonèmes	47365	34546	10	9	0.80
espace	47365	34546	10	9	0.80
générale	47365	34546	10	9	0.80
11	47365	34546	10	9	0.80
Nations	47365	34546	10	9	0.80
Saint	47365	34546	10	9	0.80
Jean	47365	34546	10	9	0.80
Francophonie	47365	34546	10	9	0.80
proportion	47365	34546	10	9	0.80
longue	47365	34546	10	9	0.80
patient	47365	34546	31	23	0.80
p	47365	34546	29	22	0.80
personne	47365	34546	17	14	0.79
Québec	47365	34546	17	14	0.79
celles	47365	34546	20	16	0.78
partie	47365	34546	25	19	0.76
sourds	47365	34546	25	19	0.76
niveau	47365	34546	26	19	0.76
grammaire	47365	34546	13	11	0.75
compétence	47365	34546	13	11	0.75
sommeil	47365	34546	13	11	0.75
termes	47365	34546	22	17	0.75
apprentissage	47365	34546	22	17	0.75
première	47365	34546	19	15	0.74
Comme	47365	34546	19	15	0.74
parfois	47365	34546	16	13	0.74
9	47365	34546	16	13	0.74
Fourchelang	47365	34546	16	13	0.74
lèvres	47365	34546	16	13	0.74
fonction	47365	34546	21	16	0.72
enseignement	47365	34546	21	16	0.72
place	47365	34546	21	16	0.72
reste	47365	34546	9	8	0.71
arrière	47365	34546	9	8	0.71
trop	47365	34546	9	8	0.71
explique	47365	34546	9	8	0.71
15	47365	34546	9	8	0.71
simplement	47365	34546	9	8	0.71
utilisée	47365	34546	9	8	0.71
utiliser	47365	34546	9	8	0.71
donne	47365	34546	9	8	0.71
provient	47365	34546	9	8	0.71
caractéristiques	47365	34546	9	8	0.71
2006	47365	34546	9	8	0.71
Selon	47365	34546	9	8	0.71
buccale	47365	34546	9	8	0.71
maladies	47365	34546	9	8	0.71
exprimer	47365	34546	9	8	0.71
barrière	47365	34546	9	8	0.71
latinophones	47365	34546	9	8	0.71
sons	47365	34546	18	14	0.70
palais	47365	34546	18	14	0.70
possible	47365	34546	18	14	0.70
fois	47365	34546	18	14	0.70
partir	47365	34546	18	14	0.70
dit	47365	34546	18	14	0.70
goût	47365	34546	20	15	0.70
usage	47365	34546	20	15	0.70
certaines	47365	34546	20	15	0.70
forme	47365	34546	19	14	0.69
patois	47365	34546	15	12	0.69
ligne	47365	34546	18	13	0.69
facteurs	47365	34546	12	10	0.69
frein	47365	34546	12	10	0.69
parlant	47365	34546	12	10	0.69
particulièrement	47365	34546	12	10	0.69
permettent	47365	34546	12	10	0.69
communaut	47365	34546	12	10	0.69
beaucoup	47365	34546	12	10	0.69
capacit	47365	34546	12	10	0.69
arabe	47365	34546	5	5	0.69
allemande	47365	34546	5	5	0.69
cause	47365	34546	5	5	0.69
crire	47365	34546	5	5	0.69
Linguistique	47365	34546	5	5	0.69
Terre	47365	34546	5	5	0.69
sert	47365	34546	5	5	0.69
vocales	47365	34546	5	5	0.69
visible	47365	34546	5	5	0.69
noire	47365	34546	5	5	0.69
précis	47365	34546	5	5	0.69
appelée	47365	34546	5	5	0.69
sûr	47365	34546	5	5	0.69
image	47365	34546	5	5	0.69
serpents	47365	34546	5	5	0.69
exercices	47365	34546	5	5	0.69
f	47365	34546	5	5	0.69
Introduction	47365	34546	5	5	0.69
lément	47365	34546	5	5	0.69
limitées	47365	34546	5	5	0.69
parlez	47365	34546	5	5	0.69
apparaître	47365	34546	5	5	0.69
Commission	47365	34546	5	5	0.69
Office	47365	34546	5	5	0.69
québécois	47365	34546	5	5	0.69
Suisse	47365	34546	5	5	0.69
51	47365	34546	5	5	0.69
classe	47365	34546	5	5	0.69
également	47365	34546	5	5	0.69
organisations	47365	34546	5	5	0.69
internationales	47365	34546	5	5	0.69
XIX	47365	34546	5	5	0.69
aujourd'hui	47365	34546	5	5	0.69
comporte	47365	34546	5	5	0.69
japonais	47365	34546	5	5	0.69
proche	47365	34546	5	5	0.69
50	47365	34546	5	5	0.69
Trésor	47365	34546	5	5	0.69
roi	47365	34546	5	5	0.69
étrangère	47365	34546	5	5	0.69
prise	47365	34546	5	5	0.69
familière	47365	34546	5	5	0.69
vis	47365	34546	5	5	0.69
Française	47365	34546	5	5	0.69
U	47365	34546	5	5	0.69
Essai	47365	34546	5	5	0.69
voyelles	47365	34546	5	5	0.69
Sociét	47365	34546	5	5	0.69
hypoglosse	47365	34546	5	5	0.69
intrinsèques	47365	34546	5	5	0.69
surface	47365	34546	5	5	0.69
adulte	47365	34546	5	5	0.69
index	47365	34546	5	5	0.69
title	47365	34546	5	5	0.69
oldid	47365	34546	5	5	0.69
Commencez	47365	34546	5	5	0.69
Montaigne	47365	34546	5	5	0.69
gestuelles	47365	34546	5	5	0.69
exprimant	47365	34546	5	5	0.69
faciliter	47365	34546	5	5	0.69
alphabétisation	47365	34546	5	5	0.69
visuelles	47365	34546	5	5	0.69
repos	47365	34546	5	5	0.69
babouin	47365	34546	5	5	0.69
pouvez	47365	34546	5	5	0.69
normalisation	47365	34546	5	5	0.69
tonus	47365	34546	5	5	0.69
salive	47365	34546	5	5	0.69
Reconnaissance	47365	34546	5	5	0.69
LSF	47365	34546	5	5	0.69
face	47365	34546	17	13	0.68
avant	47365	34546	17	13	0.68
parl	47365	34546	17	13	0.68
nationale	47365	34546	17	13	0.68
nombreuses	47365	34546	16	12	0.65
pendant	47365	34546	16	12	0.65
analyse	47365	34546	16	12	0.65
immigrants	47365	34546	16	12	0.65
base	47365	34546	16	12	0.65
savoir	47365	34546	14	11	0.65
nouvelle	47365	34546	14	11	0.65
esprit	47365	34546	14	11	0.65
org	47365	34546	14	11	0.65
modèle	47365	34546	15	11	0.64
groupes	47365	34546	15	11	0.64
27	47365	34546	15	11	0.64
intervenant	47365	34546	15	11	0.64
diverses	47365	34546	14	10	0.64
chercheurs	47365	34546	14	10	0.64
besoin	47365	34546	11	9	0.63
humain	47365	34546	11	9	0.63
section	47365	34546	11	9	0.63
peuples	47365	34546	11	9	0.63
te	47365	34546	11	9	0.63
tat	47365	34546	11	9	0.63
programmes	47365	34546	11	9	0.63
PDF	47365	34546	11	9	0.63
milieu	47365	34546	11	9	0.63
anglophones	47365	34546	11	9	0.63
Car	47365	34546	8	7	0.62
naissance	47365	34546	8	7	0.62
avez	47365	34546	8	7	0.62
caractère	47365	34546	8	7	0.62
phonétique	47365	34546	8	7	0.62
cependant	47365	34546	8	7	0.62
Ainsi	47365	34546	8	7	0.62
fond	47365	34546	8	7	0.62
nature	47365	34546	8	7	0.62
devient	47365	34546	8	7	0.62
19	47365	34546	8	7	0.62
29	47365	34546	8	7	0.62
classes	47365	34546	8	7	0.62
respect	47365	34546	8	7	0.62
ISBN	47365	34546	8	7	0.62
racine	47365	34546	8	7	0.62
possède	47365	34546	8	7	0.62
présente	47365	34546	8	7	0.62
alimentation	47365	34546	8	7	0.62
musculaire	47365	34546	8	7	0.62
lorsqu	47365	34546	8	7	0.62
possèdent	47365	34546	8	7	0.62
phénomène	47365	34546	8	7	0.62
couramment	47365	34546	8	7	0.62
questionnaire	47365	34546	8	7	0.62
situation	47365	34546	13	10	0.62
parlaient	47365	34546	13	10	0.62
expression	47365	34546	13	10	0.62
rencontres	47365	34546	13	10	0.62
influence	47365	34546	12	9	0.59
type	47365	34546	12	9	0.59
bonne	47365	34546	12	9	0.59
pouvoir	47365	34546	12	9	0.59
utilisent	47365	34546	12	9	0.59
plutôt	47365	34546	12	9	0.59
dire	47365	34546	12	9	0.59
structures	47365	34546	12	9	0.59
mieux	47365	34546	12	9	0.59
droit	47365	34546	12	9	0.59
erreurs	47365	34546	12	9	0.59
soient	47365	34546	12	9	0.59
méthode	47365	34546	12	9	0.59
font	47365	34546	12	9	0.59
modèles	47365	34546	12	9	0.59
quant	47365	34546	11	8	0.58
gens	47365	34546	11	8	0.58
important	47365	34546	11	8	0.58
contact	47365	34546	11	8	0.58
choix	47365	34546	11	8	0.58
longtemps	47365	34546	10	8	0.58
lors	47365	34546	10	8	0.58
jour	47365	34546	10	8	0.58
prononciation	47365	34546	10	8	0.58
artère	47365	34546	10	8	0.58
nerf	47365	34546	10	8	0.58
conversation	47365	34546	10	8	0.58
occitan	47365	34546	4	4	0.55
attraper	47365	34546	4	4	0.55
opération	47365	34546	4	4	0.55
déformations	47365	34546	4	4	0.55
devez	47365	34546	4	4	0.55
verte	47365	34546	4	4	0.55
emp	47365	34546	4	4	0.55
Accueil	47365	34546	4	4	0.55
fictive	47365	34546	4	4	0.55
serait	47365	34546	4	4	0.55
créés	47365	34546	4	4	0.55
j	47365	34546	4	4	0.55
lien	47365	34546	4	4	0.55
sg	47365	34546	4	4	0.55
instruments	47365	34546	4	4	0.55
dehors	47365	34546	4	4	0.55
contient	47365	34546	4	4	0.55
communs	47365	34546	4	4	0.55
Whorf	47365	34546	4	4	0.55
existait	47365	34546	4	4	0.55
vieille	47365	34546	4	4	0.55
2016	47365	34546	4	4	0.55
impact	47365	34546	4	4	0.55
attention	47365	34546	4	4	0.55
derrière	47365	34546	4	4	0.55
considérablement	47365	34546	4	4	0.55
Que	47365	34546	4	4	0.55
homonymie	47365	34546	4	4	0.55
supérieurs	47365	34546	4	4	0.55
mandarin	47365	34546	4	4	0.55
apprise	47365	34546	4	4	0.55
fortement	47365	34546	4	4	0.55
enrichi	47365	34546	4	4	0.55
actuelles	47365	34546	4	4	0.55
germaniques	47365	34546	4	4	0.55
particularités	47365	34546	4	4	0.55
1992	47365	34546	4	4	0.55
racines	47365	34546	4	4	0.55
variétés	47365	34546	4	4	0.55
voie	47365	34546	4	4	0.55
anciennes	47365	34546	4	4	0.55
vernaculaire	47365	34546	4	4	0.55
suivant	47365	34546	4	4	0.55
Réunion	47365	34546	4	4	0.55
pertinent	47365	34546	4	4	0.55
diplomatique	47365	34546	4	4	0.55
instruction	47365	34546	4	4	0.55
primaire	47365	34546	4	4	0.55
atteint	47365	34546	4	4	0.55
1981	47365	34546	4	4	0.55
expansion	47365	34546	4	4	0.55
Toubon	47365	34546	4	4	0.55
réseau	47365	34546	4	4	0.55
contestée	47365	34546	4	4	0.55
Quel	47365	34546	4	4	0.55
2013	47365	34546	4	4	0.55
Algérie	47365	34546	4	4	0.55
2007	47365	34546	4	4	0.55
perçu	47365	34546	4	4	0.55
moyens	47365	34546	4	4	0.55
Monde	47365	34546	4	4	0.55
Commons	47365	34546	4	4	0.55
Politique	47365	34546	4	4	0.55
SVO	47365	34546	4	4	0.55
postérieure	47365	34546	4	4	0.55
goûts	47365	34546	4	4	0.55
innerve	47365	34546	4	4	0.55
jaune	47365	34546	4	4	0.55
glossite	47365	34546	4	4	0.55
Henri	47365	34546	4	4	0.55
détecteurs	47365	34546	4	4	0.55
situés	47365	34546	4	4	0.55
Comment	47365	34546	4	4	0.55
apprenez	47365	34546	4	4	0.55
Fonction	47365	34546	4	4	0.55
contribue	47365	34546	4	4	0.55
dynamique	47365	34546	4	4	0.55
facilitent	47365	34546	4	4	0.55
mettre	47365	34546	4	4	0.55
origines	47365	34546	4	4	0.55
ouverture	47365	34546	4	4	0.55
Ajouter	47365	34546	4	4	0.55
appelle	47365	34546	4	4	0.55
actuellement	47365	34546	4	4	0.55
considérée	47365	34546	4	4	0.55
propres	47365	34546	4	4	0.55
Lorsque	47365	34546	4	4	0.55
mélange	47365	34546	4	4	0.55
heureux	47365	34546	4	4	0.55
Quelle	47365	34546	4	4	0.55
originelle	47365	34546	4	4	0.55
primitif	47365	34546	4	4	0.55
morphologie	47365	34546	4	4	0.55
métiers	47365	34546	4	4	0.55
Ph	47365	34546	4	4	0.55
coordonner	47365	34546	4	4	0.55
offrir	47365	34546	4	4	0.55
demander	47365	34546	4	4	0.55
considération	47365	34546	4	4	0.55
contribu	47365	34546	4	4	0.55
P	47365	34546	4	4	0.55
biomécaniques	47365	34546	4	4	0.55
génération	47365	34546	4	4	0.55
biomécanique	47365	34546	4	4	0.55
G	47365	34546	4	4	0.55
dir	47365	34546	4	4	0.55
assiste	47365	34546	4	4	0.55
langagières	47365	34546	4	4	0.55
québécoise	47365	34546	4	4	0.55
métadonnée	47365	34546	4	4	0.55
impliqu	47365	34546	4	4	0.55
coll	47365	34546	4	4	0.55
phonologie	47365	34546	4	4	0.55
légale	47365	34546	4	4	0.55
bébés	47365	34546	4	4	0.55
Sign	47365	34546	4	4	0.55
iconicit	47365	34546	4	4	0.55
présentent	47365	34546	7	6	0.54
amer	47365	34546	7	6	0.54
saveurs	47365	34546	7	6	0.54
dès	47365	34546	7	6	0.54
troubles	47365	34546	7	6	0.54
devenir	47365	34546	7	6	0.54
semblent	47365	34546	7	6	0.54
rend	47365	34546	7	6	0.54
terre	47365	34546	7	6	0.54
crite	47365	34546	7	6	0.54
doivent	47365	34546	7	6	0.54
appel	47365	34546	7	6	0.54
africaine	47365	34546	7	6	0.54
largement	47365	34546	7	6	0.54
illustration	47365	34546	7	6	0.54
2024	47365	34546	7	6	0.54
Organisation	47365	34546	7	6	0.54
considér	47365	34546	7	6	0.54
classique	47365	34546	7	6	0.54
syntaxe	47365	34546	7	6	0.54
romane	47365	34546	7	6	0.54
importance	47365	34546	7	6	0.54
articles	47365	34546	7	6	0.54
norme	47365	34546	7	6	0.54
21	47365	34546	7	6	0.54
site	47365	34546	7	6	0.54
Bouche	47365	34546	7	6	0.54
mobile	47365	34546	7	6	0.54
maîtriser	47365	34546	7	6	0.54
spécifique	47365	34546	7	6	0.54
importe	47365	34546	7	6	0.54
Langage	47365	34546	7	6	0.54
glise	47365	34546	7	6	0.54
seront	47365	34546	7	6	0.54
taille	47365	34546	7	6	0.54
multiples	47365	34546	7	6	0.54
ASL	47365	34546	7	6	0.54
nouveau	47365	34546	7	6	0.54
fossiles	47365	34546	7	6	0.54
latine	47365	34546	9	7	0.54
ditions	47365	34546	9	7	0.54
mauvaise	47365	34546	9	7	0.54
nos	47365	34546	9	7	0.54
traduit	47365	34546	9	7	0.54
humaine	47365	34546	9	7	0.54
idée	47365	34546	9	7	0.54
long	47365	34546	9	7	0.54
OIF	47365	34546	9	7	0.54
14	47365	34546	9	7	0.54
1988	47365	34546	9	7	0.54
J	47365	34546	9	7	0.54
littéraire	47365	34546	9	7	0.54
1996	47365	34546	9	7	0.54
http	47365	34546	9	7	0.54
histoire	47365	34546	9	7	0.54
faible	47365	34546	9	7	0.54
client	47365	34546	9	7	0.54
médecine	47365	34546	8	6	0.51
femmes	47365	34546	8	6	0.51
traitement	47365	34546	8	6	0.51
moment	47365	34546	8	6	0.51
aucune	47365	34546	8	6	0.51
moyen	47365	34546	8	6	0.51
pu	47365	34546	8	6	0.51
clair	47365	34546	8	6	0.51
2000	47365	34546	8	6	0.51
aujourd	47365	34546	8	6	0.51
juin	47365	34546	8	6	0.51
animaux	47365	34546	8	6	0.51
natifs	47365	34546	8	6	0.51
sourdes	47365	34546	8	6	0.51
près	47365	34546	7	5	0.50
rien	47365	34546	7	5	0.50
année	47365	34546	7	5	0.50
essentiel	47365	34546	7	5	0.50
gorge	47365	34546	7	5	0.50
pathologie	47365	34546	7	5	0.50
Nous	47365	34546	7	5	0.50
approche	47365	34546	7	5	0.50
voix	47365	34546	7	5	0.50
systèmes	47365	34546	7	5	0.50
propos	47365	34546	7	5	0.50
tandis	47365	34546	7	5	0.50
12	47365	34546	7	5	0.50
partagent	47365	34546	7	5	0.50
via	47365	34546	7	5	0.50
déterminer	47365	34546	7	5	0.50
25	47365	34546	7	5	0.50
22	47365	34546	7	5	0.50
hyoïde	47365	34546	7	5	0.50
perception	47365	34546	7	5	0.50
soutien	47365	34546	7	5	0.50
autant	47365	34546	7	5	0.50
réforme	47365	34546	7	5	0.50
stratégies	47365	34546	7	5	0.50
difficultés	47365	34546	7	5	0.50
problèmes	47365	34546	6	5	0.47
trouver	47365	34546	6	5	0.47
acide	47365	34546	6	5	0.47
pathologies	47365	34546	6	5	0.47
symptômes	47365	34546	6	5	0.47
syndrome	47365	34546	6	5	0.47
mal	47365	34546	6	5	0.47
richesse	47365	34546	6	5	0.47
structure	47365	34546	6	5	0.47
période	47365	34546	6	5	0.47
pointe	47365	34546	6	5	0.47
Ceci	47365	34546	6	5	0.47
lingua	47365	34546	6	5	0.47
avons	47365	34546	6	5	0.47
lesquelles	47365	34546	6	5	0.47
créoles	47365	34546	6	5	0.47
lexique	47365	34546	6	5	0.47
Tout	47365	34546	6	5	0.47
telle	47365	34546	6	5	0.47
demeure	47365	34546	6	5	0.47
enfin	47365	34546	6	5	0.47
jusqu	47365	34546	6	5	0.47
pourquoi	47365	34546	6	5	0.47
w	47365	34546	6	5	0.47
puisse	47365	34546	6	5	0.47
Union	47365	34546	6	5	0.47
variét	47365	34546	6	5	0.47
ancien	47365	34546	6	5	0.47
aurait	47365	34546	6	5	0.47
23	47365	34546	6	5	0.47
101	47365	34546	6	5	0.47
criture	47365	34546	6	5	0.47
30	47365	34546	6	5	0.47
C3	47365	34546	6	5	0.47
villes	47365	34546	6	5	0.47
2005	47365	34546	6	5	0.47
utilisant	47365	34546	6	5	0.47
lettres	47365	34546	6	5	0.47
premières	47365	34546	6	5	0.47
situations	47365	34546	6	5	0.47
Association	47365	34546	6	5	0.47
Voir	47365	34546	6	5	0.47
février	47365	34546	6	5	0.47
Communication	47365	34546	6	5	0.47
978	47365	34546	6	5	0.47
institutions	47365	34546	6	5	0.47
Loi	47365	34546	6	5	0.47
bords	47365	34546	6	5	0.47
sucr	47365	34546	6	5	0.47
faites	47365	34546	6	5	0.47
animal	47365	34546	6	5	0.47
tissus	47365	34546	6	5	0.47
gestuelle	47365	34546	6	5	0.47
ch	47365	34546	6	5	0.47
relation	47365	34546	6	5	0.47
liées	47365	34546	6	5	0.47
ex	47365	34546	6	5	0.47
Avec	47365	34546	6	5	0.47
activités	47365	34546	6	5	0.47
pouvaient	47365	34546	6	5	0.47
Apprendre	47365	34546	6	5	0.47
larynx	47365	34546	6	5	0.47
pratiquer	47365	34546	6	5	0.47
avaler	47365	34546	5	4	0.42
organes	47365	34546	5	4	0.42
lésions	47365	34546	5	4	0.42
retrouve	47365	34546	5	4	0.42
court	47365	34546	5	4	0.42
durant	47365	34546	5	4	0.42
homme	47365	34546	5	4	0.42
caractéristique	47365	34546	5	4	0.42
relatif	47365	34546	5	4	0.42
hypothèse	47365	34546	5	4	0.42
définition	47365	34546	5	4	0.42
trait	47365	34546	5	4	0.42
furent	47365	34546	5	4	0.42
observer	47365	34546	5	4	0.42
gard	47365	34546	5	4	0.42
devrait	47365	34546	5	4	0.42
texte	47365	34546	5	4	0.42
proto	47365	34546	5	4	0.42
date	47365	34546	5	4	0.42
impose	47365	34546	5	4	0.42
28	47365	34546	5	4	0.42
précision	47365	34546	5	4	0.42
simple	47365	34546	5	4	0.42
visant	47365	34546	5	4	0.42
meilleure	47365	34546	5	4	0.42
1995	47365	34546	5	4	0.42
Charte	47365	34546	5	4	0.42
reconnaît	47365	34546	5	4	0.42
Pays	47365	34546	5	4	0.42
2017	47365	34546	5	4	0.42
Martin	47365	34546	5	4	0.42
Est	47365	34546	5	4	0.42
extrinsèques	47365	34546	5	4	0.42
antérieurs	47365	34546	5	4	0.42
fibres	47365	34546	5	4	0.42
source	47365	34546	5	4	0.42
inflammation	47365	34546	5	4	0.42
rapports	47365	34546	5	4	0.42
rev	47365	34546	5	4	0.42
associée	47365	34546	5	4	0.42
wikipedia	47365	34546	5	4	0.42
facult	47365	34546	5	4	0.42
yeux	47365	34546	5	4	0.42
contribuer	47365	34546	5	4	0.42
gestes	47365	34546	5	4	0.42
jours	47365	34546	5	4	0.42
compos	47365	34546	5	4	0.42
populaires	47365	34546	5	4	0.42
phrases	47365	34546	5	4	0.42
r	47365	34546	5	4	0.42
met	47365	34546	5	4	0.42
sourd	47365	34546	5	4	0.42
utilise	47365	34546	5	4	0.42
musculaires	47365	34546	5	4	0.42
Notre	47365	34546	5	4	0.42
vos	47365	34546	5	4	0.42
enseignants	47365	34546	5	4	0.42
Perrenoud	47365	34546	5	4	0.42
caméléon	47365	34546	5	4	0.42
vertébrés	47365	34546	5	4	0.42
Language	47365	34546	5	4	0.42
unités	47365	34546	5	4	0.42
largissement	47365	34546	5	4	0.42
médiéval	47365	34546	3	3	0.41
54	47365	34546	3	3	0.41
vulgaire	47365	34546	3	3	0.41
normand	47365	34546	3	3	0.41
individu	47365	34546	3	3	0.41
cerveau	47365	34546	3	3	0.41
cru	47365	34546	3	3	0.41
Chaque	47365	34546	3	3	0.41
défi	47365	34546	3	3	0.41
beau	47365	34546	3	3	0.41
puissants	47365	34546	3	3	0.41
négliger	47365	34546	3	3	0.41
feu	47365	34546	3	3	0.41
mauvais	47365	34546	3	3	0.41
détaillée	47365	34546	3	3	0.41
essentielle	47365	34546	3	3	0.41
fonctionnement	47365	34546	3	3	0.41
Enfin	47365	34546	3	3	0.41
consultation	47365	34546	3	3	0.41
danger	47365	34546	3	3	0.41
repose	47365	34546	3	3	0.41
muscl	47365	34546	3	3	0.41
centrale	47365	34546	3	3	0.41
séances	47365	34546	3	3	0.41
Dr	47365	34546	3	3	0.41
facial	47365	34546	3	3	0.41
haleine	47365	34546	3	3	0.41
heures	47365	34546	3	3	0.41
reconstruire	47365	34546	3	3	0.41
réaliser	47365	34546	3	3	0.41
courantes	47365	34546	3	3	0.41
connue	47365	34546	3	3	0.41
douleur	47365	34546	3	3	0.41
embrasser	47365	34546	3	3	0.41
change	47365	34546	3	3	0.41
Qu	47365	34546	3	3	0.41
fourchelang	47365	34546	3	3	0.41
extrait	47365	34546	3	3	0.41
inspirée	47365	34546	3	3	0.41
outre	47365	34546	3	3	0.41
description	47365	34546	3	3	0.41
passage	47365	34546	3	3	0.41
prises	47365	34546	3	3	0.41
Toutefois	47365	34546	3	3	0.41
Sujet	47365	34546	3	3	0.41
fourni	47365	34546	3	3	0.41
amis	47365	34546	3	3	0.41
existent	47365	34546	3	3	0.41
environnement	47365	34546	3	3	0.41
fondamental	47365	34546	3	3	0.41
scientifique	47365	34546	3	3	0.41
occidentales	47365	34546	3	3	0.41
vaste	47365	34546	3	3	0.41
penser	47365	34546	3	3	0.41
anglaise	47365	34546	3	3	0.41
naturel	47365	34546	3	3	0.41
métaphores	47365	34546	3	3	0.41
locale	47365	34546	3	3	0.41
associ	47365	34546	3	3	0.41
classification	47365	34546	3	3	0.41
Niger	47365	34546	3	3	0.41
enseigner	47365	34546	3	3	0.41
vivaient	47365	34546	3	3	0.41
laisser	47365	34546	3	3	0.41
83	47365	34546	3	3	0.41
liste	47365	34546	3	3	0.41
atteste	47365	34546	3	3	0.41
expliquer	47365	34546	3	3	0.41
Afficher	47365	34546	3	3	0.41
masquer	47365	34546	3	3	0.41
inclus	47365	34546	3	3	0.41
Observatoire	47365	34546	3	3	0.41
fréquemment	47365	34546	3	3	0.41
travers	47365	34546	3	3	0.41
sept	47365	34546	3	3	0.41
gouvernementales	47365	34546	3	3	0.41
Première	47365	34546	3	3	0.41
Molière	47365	34546	3	3	0.41
gauloises	47365	34546	3	3	0.41
utilisés	47365	34546	3	3	0.41
franceis	47365	34546	3	3	0.41
X	47365	34546	3	3	0.41
italien	47365	34546	3	3	0.41
allemand	47365	34546	3	3	0.41
sémitiques	47365	34546	3	3	0.41
probablement	47365	34546	3	3	0.41
prestige	47365	34546	3	3	0.41
attendre	47365	34546	3	3	0.41
héritage	47365	34546	3	3	0.41
remplace	47365	34546	3	3	0.41
I	47365	34546	3	3	0.41
er	47365	34546	3	3	0.41
auxiliaire	47365	34546	3	3	0.41
Vallée	47365	34546	3	3	0.41
territoires	47365	34546	3	3	0.41
Inde	47365	34546	3	3	0.41
appris	47365	34546	3	3	0.41
était	47365	34546	3	3	0.41
250	47365	34546	3	3	0.41
Australie	47365	34546	3	3	0.41
présentes	47365	34546	3	3	0.41
portugais	47365	34546	3	3	0.41
centrales	47365	34546	3	3	0.41
jusqu'	47365	34546	3	3	0.41
contextes	47365	34546	3	3	0.41
1990	47365	34546	3	3	0.41
supérieur	47365	34546	3	3	0.41
niveaux	47365	34546	3	3	0.41
Alliance	47365	34546	3	3	0.41
Diplôme	47365	34546	3	3	0.41
parfaitement	47365	34546	3	3	0.41
francisation	47365	34546	3	3	0.41
associées	47365	34546	3	3	0.41
nation	47365	34546	3	3	0.41
dimension	47365	34546	3	3	0.41
culturelle	47365	34546	3	3	0.41
imposer	47365	34546	3	3	0.41
adoption	47365	34546	3	3	0.41
dispose	47365	34546	3	3	0.41
réelle	47365	34546	3	3	0.41
publiées	47365	34546	3	3	0.41
Comprendre	47365	34546	3	3	0.41
pertinence	47365	34546	3	3	0.41
1986	47365	34546	3	3	0.41
télévision	47365	34546	3	3	0.41
décembre	47365	34546	3	3	0.41
discipline	47365	34546	3	3	0.41
Révolution	47365	34546	3	3	0.41
axl	47365	34546	3	3	0.41
langages	47365	34546	3	3	0.41
Archive	47365	34546	3	3	0.41
Courrier	47365	34546	3	3	0.41
devenu	47365	34546	3	3	0.41
pdf	47365	34546	3	3	0.41
Nathan	47365	34546	3	3	0.41
connaissent	47365	34546	3	3	0.41
obstacle	47365	34546	3	3	0.41
147	47365	34546	3	3	0.41
Dictionnaire	47365	34546	3	3	0.41
Wikiversity	47365	34546	3	3	0.41
2012	47365	34546	3	3	0.41
spécial	47365	34546	3	3	0.41
Fiche	47365	34546	3	3	0.41
Parlement	47365	34546	3	3	0.41
Manuel	47365	34546	3	3	0.41
Neuch	47365	34546	3	3	0.41
